name,material
フォーミダブル,PVC
フォーミダブル,ABS
鷺沢 文香　潮風の一頁Ver.,PVC
鷺沢 文香　潮風の一頁Ver.,ABS
キャスター／紫式部,PVC
キャスター／紫式部,ABS
桑山 千雪　よそゆき顔のセレナーデVer.,PVC
桑山 千雪　よそゆき顔のセレナーデVer.,ABS
アヴェンジャー／ジャンヌ・ダルク〔オルタ〕,PVC
アヴェンジャー／ジャンヌ・ダルク〔オルタ〕,ABS
ジャベリン　ビーチピクニック！Ver.,PVC
ジャベリン　ビーチピクニック！Ver.,ABS
ミリム・ナーヴァ,PVC
ミリム・ナーヴァ,ABS
ベルファスト　彩雲の薔薇Ver.,PVC
ベルファスト　彩雲の薔薇Ver.,ABS
バーサーカー／宮本 武蔵,PVC
バーサーカー／宮本 武蔵,ABS
シリアス　青雲映す碧波Ver.,PVC
シリアス　青雲映す碧波Ver.,ABS
ル・トリオンファン,PVC
ル・トリオンファン,ABS
ル・トリオンファン　軽装Ver.,PVC
ル・トリオンファン　軽装Ver.,ABS
ブラックハート,PVC
ブラックハート,ABS
パープルハート,PVC
パープルハート,ABS
ソフィー（ソフィー・ノイエンミュラー）,PVC
ソフィー（ソフィー・ノイエンミュラー）,ABS
時崎 狂三,PVC
時崎 狂三,ABS
アスナ　ウンディーネVer.,PVC
アスナ　ウンディーネVer.,ABS
栗花落 カナヲ,PVC
栗花落 カナヲ,ABS
空 銀子　猫耳姉弟子Ver.,PVC
空 銀子　猫耳姉弟子Ver.,ABS
セントルイス,PVC
セントルイス,ABS
セントルイス　軽装Ver.,PVC
セントルイス　軽装Ver.,ABS
食蜂 操祈　スク水ニーソVer.,PVC
食蜂 操祈　スク水ニーソVer.,ABS
アスナ,PVC
アスナ,ABS
リラ（リラ・ディザイアス）,PVC
リラ（リラ・ディザイアス）,ABS
プリンツ・オイゲン,PVC
プリンツ・オイゲン,ABS
神谷 奈緒　一陣の情熱Ver.,PVC
神谷 奈緒　一陣の情熱Ver.,ABS
プラフタ,PVC
プラフタ,ABS
ハチロク　水着Ver.,PVC
ハチロク　水着Ver.,ABS
冬坂 五百里,PVC
冬坂 五百里,ABS
ランサー／謎のアルターエゴ・Λ,PVC
ランサー／謎のアルターエゴ・Λ,ABS
ポーラ　水辺のハプニング？Ver.,PVC
ポーラ　水辺のハプニング？Ver.,ABS
愛宕＆高雄　レースクイーンVer.,PVC
愛宕＆高雄　レースクイーンVer.,ABS
愛宕　凄艶のマックススピードVer.,PVC
愛宕　凄艶のマックススピードVer.,ABS
高雄　魅惑のフルドライブVer.,PVC
高雄　魅惑のフルドライブVer.,ABS
愛宕　真夏の行進曲Ver.,PVC
愛宕　真夏の行進曲Ver.,ABS
高雄　砂浜ラプソディVer.,PVC
高雄　砂浜ラプソディVer.,ABS
ボルチモア　エースの放課後Ver.,PVC
ボルチモア　エースの放課後Ver.,ABS
ライザ（ライザリン・シュタウト）,PVC
ライザ（ライザリン・シュタウト）,ABS
シュヴァルツ　昇進２Ver.,PVC
シュヴァルツ　昇進２Ver.,ABS
吾妻　語らいの春霞Ver.,PVC
吾妻　語らいの春霞Ver.,ABS
吾妻　語らいの春霞 軽装Ver.,PVC
吾妻　語らいの春霞 軽装Ver.,ABS
芹沢 あさひ　空と青とアイツVer.,PVC
芹沢 あさひ　空と青とアイツVer.,ABS
ルプスレギナ・ベータ　so-bin Ver.,PVC
ルプスレギナ・ベータ　so-bin Ver.,ABS
速水 奏　ミスティック・ドーンVer.,PVC
速水 奏　ミスティック・ドーンVer.,ABS
セントルイス,PVC
セントルイス,ABS
セントルイス　軽装Ver.,PVC
セントルイス　軽装Ver.,ABS
プリンツ・オイゲン,PVC
プリンツ・オイゲン,ABS
ムーンキャンサー／BB　南国小麦色Ver.,PVC
ムーンキャンサー／BB　南国小麦色Ver.,ABS
ムーンキャンサー／BB　小悪魔たまご肌Ver.,PVC
ムーンキャンサー／BB　小悪魔たまご肌Ver.,ABS
フランドール・スカーレット,PVC
フランドール・スカーレット,ABS
スカサハ　刺し穿つバニーVer.,PVC
スカサハ　刺し穿つバニーVer.,ABS
【EVA GLOBAL】アヤナミレイ（仮称）Millennials Illust Ver. フィギュア,PVC
【EVA GLOBAL】アヤナミレイ（仮称）Millennials Illust Ver. フィギュア,ABS
ホノルル,PVC
ホノルル,ABS
ホノルル　軽装Ver.,PVC
ホノルル　軽装Ver.,ABS
宮本 フレデリカ　フレ・デ・ラ・モードVer.,PVC
宮本 フレデリカ　フレ・デ・ラ・モードVer.,ABS
加藤恵　Memorial Ver.,PVC
加藤恵　Memorial Ver.,ABS
グラーフ・ツェッペリン　砂浜のウルズVer.,PVC
グラーフ・ツェッペリン　砂浜のウルズVer.,ABS
ボルチモア,PVC
ボルチモア,ABS
ボルチモア　軽装Ver.,PVC
ボルチモア　軽装Ver.,ABS
空の律者　キアナ,PVC
空の律者　キアナ,ABS
ユウキ,PVC
ユウキ,ABS
胡蝶 しのぶ,PVC
胡蝶 しのぶ,ABS
シノン,PVC
シノン,ABS
宮本 武蔵　私服Ver.,PVC
宮本 武蔵　私服Ver.,ABS
アスナ　GGO Ver.,PVC
アスナ　GGO Ver.,ABS
セイバー／アルトリア・ペンドラゴン［オルタ］　ドレスVer.,PVC
セイバー／アルトリア・ペンドラゴン［オルタ］　ドレスVer.,ABS
春日野 穹　Ending Ver.,PVC
春日野 穹　Ending Ver.,ABS
籾岡 里紗,PVC
籾岡 里紗,ABS
アルターエゴ／メルトリリス,PVC
アルターエゴ／メルトリリス,ABS
桐須 真冬　競泳水着Ver.,PVC
桐須 真冬　競泳水着Ver.,ABS
モモ・ベリア・デビルーク　パジャマVer.,PVC
古手川 唯,PVC
古手川 唯,ABS
ライダー／アルトリア・ペンドラゴン［オルタ］,PVC
ライダー／アルトリア・ペンドラゴン［オルタ］,ABS
アリス,PVC
アリス,ABS
島村 卯月　はじけて♪サマーVer.,PVC
志摩 リン with スクーター,PVC
鷹富士 茄子　強運の才女Ver.,PVC
五十鈴 れん,PVC
マスターアルトリア,PVC
津島 善子,PVC
高坂 穂乃果　ホワイトデー編,PVC
テイルズ オブ ベルセリア　ベルベット・クラウ,PVC
塩見 周子　ブルー・ホライゾンVer.,PVC
佐々木 千枝　パーティータイム・ゴールドVer.,PVC
西連寺 春菜,PVC
時崎 狂三,PVC
時崎 狂三,ABS
ヴァンパイア,PVC
園田 海未　ホワイトデー編,PVC
南 ことり　ホワイトデー編,PVC
二宮 飛鳥　《偶像》のフラグメントVer.,PVC
アヴェンジャー／ジャンヌ・ダルク〔オルタ〕,PVC
アヴェンジャー／ジャンヌ・ダルク〔オルタ〕,ABS
式波・アスカ・ラングレー　ジャージVer.,PVC
赤城 みりあ　パーティータイム・ゴールドVer.,PVC
マシュ・キリエライト,PVC
宮内 レミィ,PVC
国木田 花丸　制服Ver.,PVC
セイバー　着物ドレスVer.,PVC
乙倉 悠貴　カム・ウィズミー！Ver.,PVC
テレサ・テスタロッサ　メイドVer.,PVC
テイルズ オブ ゼスティリア　エドナ,PVC
ナーベラル・ガンマ　so-bin Ver.,PVC
黒咲 芽亜,PVC
アルル・ナジャ,PVC
結城 美柑　スク水Ver.,PVC
矢澤 にこ＆西木野 真姫　バレンタイン編,PVC
猫又お恋,PVC
足利 茶々丸,PVC
アスナ,PVC
アスナ,ABS
魔王ルシ子,PVC
松浦 果南　ウェットスーツVer.,PVC
金色の闇　ナースVer.,PVC
グウェンドリン　レイヴスラシルVer.,PVC
雁淵 ひかり,PVC
プラフタ,PVC
プラフタ,ABS
スカサハ　部屋着モード,PVC
一ノ瀬 志希　パフュームトリッパーVer.,PVC
星空 凛　3月編,PVC
小泉 花陽　3月編,PVC
パープルハート,PVC
パープルハート,ABS
鷺沢 文香　ブライトメモリーズVer.,PVC
双葉 杏　なまけものフェアリーVer.,PVC
ララ・サタリン・デビルーク　メイドVer.,PVC
神崎 蘭子　薔薇の闇姫Ver.,PVC
ライダー／アルトリア・ペンドラゴン［サンタオルタ］,PVC
輿水 幸子　自称・カンペキVer.,PVC
水戸 郁魅,PVC
絢瀬 絵里,PVC
南 ことり,PVC
ゲルトルート・バルクホルン　ジェットストライカーVer.,PVC
メンタルモデル・タカオ　オーバーニーVer.,PVC
高坂 穂乃果,PVC
園田 海未,PVC
アナスタシア　Memories Ver.,PVC
神崎 蘭子　Memories Ver.,PVC
東郷 美森,PVC
新田 美波　Memories Ver.,PVC
ラウラ＆シャル　ネコミミパジャマ,PVC
Fate/EXTRA セイバーエクストラ　水着Ver.,PVC
安原 絵麻,PVC
ヒロインX,PVC
春日野 穹　-Bunny Style-,PVC
紺菊,PVC
弓弦葉,PVC
百姫　～OIRONAOSHI～,PVC
小泉 花陽,PVC
西木野 真姫,PVC
多田 李衣菜,PVC
前川 みく,PVC
東條 希,PVC
矢澤 にこ,PVC
千斗 いすず,PVC
サーニャ＆エイラ　水着Ver.,PVC
春日野 穹　黒チャイナドレスVer.,PVC
シャーロット・E・イェーガー　Ver.2,PVC
ベルベットwithコルネリウス,PVC
グウェンドリン,PVC
メルセデス,PVC
谷川 柑菜　水着Ver.,PVC
メンタルモデル・ハルナ,PVC
絢瀬 絵里　水着Ver.,PVC
めんま,PVC
エイリアス,PVC
後藤又兵衛　剣姫Ver.,PVC
マルチナ・クレスピ,PVC
ローナ　水着Ver.,PVC
テイルズ オブ ゼスティリア　アリーシャ,PVC
ブラックハート,PVC
ブラックハート,ABS
フェイト・テスタロッサ　ブレイズフォーム　‐Full Drive‐,PVC
星空 凛,PVC
結城 友奈,PVC
千姫　サディスティック・サキュバスVer.,PVC
桐崎 千棘,PVC
プラーミャ様,PVC
結城 美柑,PVC
西木野 真姫　水着Ver.,PVC
忍野 忍,PVC
セルティ・ストゥルルソン,PVC
μ-No.12-（ミュー・テュエルブ）,PVC
宝蔵院胤舜,PVC
ベートーヴェン,PVC
ハイデマリー・W・シュナウファー,PVC
シャルロット＆セシリア　水着Ver.,PVC
メフメラ,PVC
アリシア・ハート,PVC
ラビリス,PVC
春日野 穹　チャイナドレスVer.,PVC
星月・フェラーリ,PVC
The Muse of Range Murata,PVC
八神はやて　-Summer holiday-,PVC
宮藤 芳佳　Ver.1.5,PVC
すーぱーそに子　水着サンタVer.,PVC
春日野 穹,PVC
八神はやて　-Zur Zeit des Erwachens-,PVC
シグナム　-Der Stolz sogar eines Ritters-,PVC
一色 あかね,PVC
飛鳥　命駆Ver.,PVC
リネット・ビショップ,PVC
フランチェスカ・ルッキーニ,PVC
アティ,PVC
ペリーヌ・クロステルマン,PVC
桐ヶ谷 直葉,PVC
鹿角,PVC
小鳥遊 美羽,PVC
谷川 柑菜,PVC
坂本 美緒,PVC
テイルズ オブ ヴェスペリア　エステリーゼ・シデス・ヒュラッセイン,PVC
セイバーオルタ　水着Ver.,PVC
ディズィー,PVC
高町なのは　水着Ver.,PVC
サーニャ・V・リトヴャク　ロケットブースターVer.,PVC
アインハルト・ストラトス,PVC
メルティ,PVC
メルティ　クリスマスVer.,PVC
阿万音 鈴羽＆マウンテンバイク,PVC
千反田 える,PVC
セイバー　ドレスコード,PVC
蒼崎 橙子,PVC
ブラック羽川,PVC
高町なのは　-Summer holiday-,PVC
パンティ,PVC
Xenosaga Ⅲ　KOS-MOS　水着Ver.,PVC
直江兼続,PVC
プリンセス・オブ・ザ・クリスタル,PVC
スキャンティ,PVC
ミスティ,PVC
赤座 あかり,PVC
千石 撫子,PVC
柳生十兵衛,PVC
ゲルトルート・バルクホルン,PVC
ラウラ・ボーデヴィッヒ　メイドVer.,PVC
ハンナ・ユスティーナ・マルセイユ,PVC
魔女っ娘ミラクるん,PVC
シャルロット・デュノア　ジャージVer.,PVC
柳生義仙,PVC
松前 緒花,PVC
エーリカ・ハルトマン,PVC
エイラ・イルマタル・ユーティライネン,PVC
真鍋 和,PVC
百姫,PVC
テイルズ オブ エクシリア　ミラ＝マクスウェル,PVC
ストッキング,PVC
四方堂 ナリカ　超昂閃忍Ver.,PVC
ALVIS & LAVIE BY LASTEXILE,PVC
ニーソックス,PVC
フェイト・T・ハラオウン　-Summer holiday-,PVC
セイバー　メイドVer. R,PVC
テイルズ オブ ヴェスペリア　リタ・モルディオ,PVC
種島 ぽぷら,PVC
モモ・ベリア・デビルーク,PVC
バディ,PVC
セルベリア・ブレス　水着Ver.,PVC
ルイズ　ゴスパンクVer.,PVC
アイギス　ART WORKS Ver.,PVC
シャーロット・E・イェーガー,PVC
メリー・ナイトメア,PVC
高町ヴィヴィオ,PVC
カミナギ・リョーコ　-Resurrection-,PVC
田井中 律,PVC
フェイト・テスタロッサ　水着Ver.,PVC
山田 葵,PVC
平沢 憂,PVC
平沢 唯,PVC
ミーナ・ディートリンデ・ヴィルケ,PVC
戦場ヶ原 ひたぎ,PVC
初春 飾利,PVC
高町なのは -STAND BY READY-,PVC
高町なのは　制服Ver.,PVC
セイバー　Summer Ver.,PVC
遠坂 凛　Summer Ver.,PVC
ホウメイ,PVC
佐天 涙子,PVC
大神 涼子,PVC
フェイト・テスタロッサ　私服Ver.,PVC
フェイト・T・ハラオウン　真・ソニックフォーム,PVC
フェイト・テスタロッサ -PHANTOM MINDS-,PVC
式波・アスカ・ラングレー　テスト用プラグスーツVer.,PVC
木下 秀吉,PVC
秋山 澪,PVC
のどっち,PVC
琴吹 紬,PVC
セルベリア・ブレス　ヴァルキュリアVer.,PVC
笹瀬川 佐々美,PVC
能美 クドリャフカ,PVC
秋山 澪　学園祭Ver.,PVC
クララクラン・フィリアス　甲冑Ver.,PVC
天江 衣,PVC
サーニャ・V・リトヴャク,PVC
聖王ヴィヴィオ,PVC
千姫,PVC
宮藤 芳佳,PVC
イルファ,PVC
中野 梓,PVC
片岡 優希,PVC
シャマル & ザフィーラ 仔犬Ver.,PVC
魔想 志津香,PVC
河野 はるみ,PVC
服部半蔵,PVC
セイバー・リリィ,PVC
夏侯淵 妙才,PVC
呂蒙 子明,PVC
趙雲 子龍,PVC
関羽 雲長,PVC
高町なのは　エクシードモード,PVC
久慈川 りせ　水着Ver.,PVC
カーヤ,PVC
シルファ,PVC
ファティナ,PVC
ブラックアリエス,PVC
ヴィータ,PVC
スバル・ナカジマ,PVC
謎の賞金稼ぎ ヨーコ・リットナー,PVC
蒼崎 橙子,PVC
川添 珠姫,PVC
メタトロン,PVC
南極 さくら　メイド服Ver.,PVC
ルイズ　制服Ver.,PVC
戦姫,PVC
長門 有希　制服Ver.,PVC
リインフォースII,PVC
ヨマコ先生,PVC
シグナム,PVC
ティアナ・ランスター,PVC
セイバー　メイドVer.,PVC
聖天使ジブリール・ゼロ,PVC
時雨 亜沙,PVC
八神はやて,PVC
涼宮 ハルヒ　制服Ver.,PVC
エリザベス,PVC
綾波 レイ,PVC
彩,PVC
ユニゾンヴィータ,PVC
リリィ・サルバターナ,PVC
鷹守 ハルカ,PVC
チューア・チュラム,PVC
月城 ミーナ,PVC
朝比奈 みくる　メイドVer.,PVC
ファウナ,PVC
シエスタ,PVC
桐条 美鶴,PVC
ヨルズ,PVC
閻魔 あい,PVC
フェイト・テスタロッサ,PVC
シャロン,PVC
黒のフランコ,PVC
長門 有希　水着Ver.,PVC
アロエ & CPUシャロン,PVC
エグゼリカ,PVC
ルイズ　ビスチェVer.,PVC
ナディ,PVC
エスカレイヤー,PVC
デス先生,PVC
名前のない女,PVC
鶴屋さん　メイドVer.,PVC
アイギス,PVC
レウコテア,PVC
カミナギ・リョーコ,PVC
真紅,PVC
アルクェイド・ブリュンスタッド,PVC
天羽 雅音　ウィッチブレイド発動態パワーアップVer.,PVC
荻上 千佳　コスプレVer.,PVC
アル・アジフ　水着Ver.,PVC
ルキア,PVC
花本 はぐみ,PVC
有坂 香月　競泳Ver.,PVC
風のうしろを歩むもの,PVC
周防 美琴　水着Ver.,PVC
レヴィ,PVC
ライダー　水着Ver.,PVC
天羽 雅音　私服Ver.,PVC
斎香・Ｓ・ファルネーゼ,PVC
聖天使ジブリール,PVC
ルイズ,PVC
沢近 愛理　水着Ver.,PVC
津崎 青葉 & モリビト2号,PVC
橘 玲,PVC
イリヤ　水着Ver.,PVC
ナギ　死神装束Ver.,PVC
間桐 桜　戦闘服Ver.,PVC
カレン・オルテンシア,PVC
イグニス,PVC
セイバー　水着Ver.,PVC
十条 紫苑,PVC
Xenosaga　KOS-MOS,PVC
アルヴィス・Ｅ・ハミルトン,PVC
竜胆 リナ,PVC
葉月　ドレスVer.,PVC
厳島 貴子,PVC
ジョウ,PVC
エイミー,PVC
メグ,PVC
ヒカル　死神装束Ver.,PVC
黒セイバー　ドレスVer.,PVC
宮小路 瑞穂,PVC
セイ,PVC
高町なのは,PVC
間桐 桜　水着Ver.,PVC
聖天使ジブリール アリエス,PVC
ガーネット,PVC
セイバー　私服Ver.,PVC
なぎさ,PVC
惣流・アスカ・ラングレー,PVC
遠坂 凛　水着Ver.,PVC
ベッキー & メソウサ,PVC
木ノ下 貴子　水着Ver.,PVC
水樹 マイア,PVC
綾波 レイ,PVC
パーシヴァル,PVC
パーシヴァル,ABS
アーチャー／ギルガメッシュ,PVC
アーチャー／ギルガメッシュ,ABS
冨岡 義勇,PVC
冨岡 義勇,ABS
キリト,PVC
キリト,ABS
セイバー／ガウェイン,PVC
セイバー／ガウェイン,ABS
キャスター／マーリン,PVC
セイバー／アーサー・ペンドラゴン［プロトタイプ］,PVC
天ヶ瀬 冬馬,PVC
テイルズ オブ ヴェスペリア　ユーリ・ローウェル　心の中の聖騎士様Ver.＆ラピード,PVC
アヴェンジャー／巌窟王 エドモン・ダンテス,PVC
テイルズ オブ ベルセリア　アイゼン,PVC
ディーオ・エラクレア,PVC
テイルズ オブ ゼスティリア ザ クロス　スレイ,PVC
テイルズ オブ ゼスティリア ザ クロス　ミクリオ,PVC
葉月 渚,PVC
竜ヶ崎 怜,PVC
アーチャー,PVC
山崎 宗介,PVC
カミュ,PVC
朔間 零,PVC
美風 藍,PVC
七瀬 遙＆橘 真琴,PVC
黒崎 蘭丸,PVC
愛島 セシル,PVC
寿 嶺二,PVC
朔間 凛月,PVC
レオナルド・ウォッチ　Ending Ver.,PVC
テイルズ オブ エクシリア2　ユリウス・ウィル・クルスニク,PVC
テイルズ オブ エクシリア2　ルドガー・ウィル・クルスニク,PVC
折原 臨也　サイケデリックVer.,PVC
伏見 猿比古,PVC
八田 美咲,PVC
七瀬 遙,PVC
橘 真琴,PVC
跡部 景吾,PVC
松岡 凛,PVC
折原 臨也　Renewal Ver.,PVC
平和島 静雄　Renewal Ver.,PVC
テイルズ オブ グレイセス エフ　アスベル・ラント,PVC
テイルズ オブ シンフォニア　ロイド・アーヴィング,PVC
テイルズ オブ ジ アビス　ルーク・フォン・ファブレ,PVC
四ノ宮 那月,PVC
来栖 翔,PVC
夏目 貴志,PVC
聖川 真斗,PVC
神宮寺 レン,PVC
テイルズ オブ シンフォニア　ゼロス・ワイルダー,PVC
一十木 音也,PVC
一ノ瀬 トキヤ,PVC
テイルズ オブ ヴェスペリア　天を射る矢（アルトスク）のレイヴン,PVC
ウェイバー・ベルベット,PVC
テイルズ オブ エクシリア　ジュード・マティス,PVC
折原 臨也,PVC
一方通行（アクセラレータ）,PVC
平和島 静雄,PVC
テイルズ オブ ヴェスペリア　フレン・シーフォ,PVC
テイルズ オブ ヴェスペリア　ユーリ・ローウェル,PVC
木ノ瀬 梓,PVC
池沢 佳主馬 & キング・カズマ,PVC
近江 彼方　Special 7ver.,PVC
近江 彼方　Special 7ver.,ABS
アルクェイド・ブリュンスタッド,PVC
アルクェイド・ブリュンスタッド,ABS
氷堂美智留 ～ランジェリーver.～,PVC
氷堂美智留 ～ランジェリーver.～,ABS
ララ・サタリン・デビルーク　水着Ver.,PVC
ララ・サタリン・デビルーク　水着Ver.,ABS
波島出海 ～ランジェリーver.～,PVC
波島出海 ～ランジェリーver.～,ABS
モモ・ベリア・デビルーク　-ベビードール Ver.-,PVC
モモ・ベリア・デビルーク　-ベビードール Ver.-,ABS
霞ヶ丘詩羽 ～ランジェリーver.～,PVC
澤村・スペンサー・英梨々　～ランジェリーver.～,PVC
加藤恵 ～ランジェリーver.～,PVC
桜内 梨子　Special 7ver.,PVC
柳生十兵衛　ファイナルブライドVer.,PVC
ララ・サタリン・デビルーク　-パステルコーデ Ver.-,PVC
シャルル・ド・ダルタニアン,PVC
上杉景勝,PVC
あんこ ＆ デラ,PVC
後藤又兵衛,PVC
真田幸村　Version 2.0,PVC
セイバーオルタ　メイドVer.,PVC
服部半蔵　HJ限定版,PVC
真田幸村,PVC
天城 雪子,PVC
Xenosaga Ⅲ　KOS-MOS Ver.4,PVC
POP WONDERLAND 『赤ずきん』,PVC
POP WONDERLAND 『ふしぎの国のアリス』,PVC
Xenosaga Ⅲ　T-elos,PVC
一橋 ゆりえ　制服Ver.,PVC
梓川 月乃　水着Ver.,PVC
梓川 月乃　パンタジア制服Ver.,PVC
草薙 素子,PVC
