name,blog_url
フォーミダブル,https://alter-web.jp/blog_alter/2021/210/
鷺沢 文香　潮風の一頁Ver.,https://alter-web.jp/blog_alter/2021/219/
キャスター／紫式部,https://alter-web.jp/blog_alter/2022/221/
桑山 千雪　よそゆき顔のセレナーデVer.,https://alter-web.jp/blog_alter/2021/205/
アヴェンジャー／ジャンヌ・ダルク〔オルタ〕,https://alter-web.jp/blog_alter/2021/209/
アヴェンジャー／ジャンヌ・ダルク〔オルタ〕,https://alter-web.jp/blog_alter/2018/119/
ジャベリン　ビーチピクニック！Ver.,https://alter-web.jp/blog_alter/2022/84/
ジャベリン　ビーチピクニック！Ver.,https://alter-web.jp/blog_alter/2021/204/
ミリム・ナーヴァ,https://alter-web.jp/blog_alter/2021/206/
ベルファスト　彩雲の薔薇Ver.,https://alter-web.jp/blog_alter/2022/247/
ベルファスト　彩雲の薔薇Ver.,https://alter-web.jp/blog_alter/2021/201/
バーサーカー／宮本 武蔵,https://alter-web.jp/blog_alter/2021/203/
シリアス　青雲映す碧波Ver.,https://alter-web.jp/blog_alter/2021/197/
ル・トリオンファン,https://alter-web.jp/blog_alter/2021/194/
ル・トリオンファン　軽装Ver.,https://alter-web.jp/blog_alter/2021/194/
ブラックハート,https://alter-web.jp/blog_alter/2022/229/
ブラックハート,https://alter-web.jp/blog_alter/2020/192/
パープルハート,https://alter-web.jp/blog_alter/2020/192/
パープルハート,https://alter-web.jp/blog_alter/2016/58/
ソフィー（ソフィー・ノイエンミュラー）,https://alter-web.jp/blog_alter/2020/189/
時崎 狂三,https://alter-web.jp/blog_alter/2021/195/
時崎 狂三,https://alter-web.jp/blog_alter/2019/163/
時崎 狂三,https://alter-web.jp/blog_alter/2019/136/
アスナ　ウンディーネVer.,https://alter-web.jp/blog_alter/2022/232/
アスナ　ウンディーネVer.,https://alter-web.jp/blog_alter/2021/199/
栗花落 カナヲ,https://alter-web.jp/blog_alter/2022/226/
栗花落 カナヲ,https://alter-web.jp/blog_alter/2021/200/
空 銀子　猫耳姉弟子Ver.,https://alter-web.jp/blog_alter/2021/190/
セントルイス,https://alter-web.jp/blog_alter/2022/243/
セントルイス,https://alter-web.jp/blog_alter/2020/173/
セントルイス　軽装Ver.,https://alter-web.jp/blog_alter/2022/243/
セントルイス　軽装Ver.,https://alter-web.jp/blog_alter/2020/173/
食蜂 操祈　スク水ニーソVer.,https://alter-web.jp/blog_alter/2020/193/
アスナ,https://alter-web.jp/blog_alter/2018/134/
アスナ,https://alter-web.jp/blog_alter/2018/101/
リラ（リラ・ディザイアス）,https://alter-web.jp/blog_alter/2020/191/
プリンツ・オイゲン,https://alter-web.jp/blog_alter/2022/245/
プリンツ・オイゲン,https://alter-web.jp/blog_alter/2020/165/
神谷 奈緒　一陣の情熱Ver.,https://alter-web.jp/blog_alter/2020/183/
プラフタ,https://alter-web.jp/blog_alter/2020/189/
プラフタ,https://alter-web.jp/blog_alter/2017/90/
ハチロク　水着Ver.,https://alter-web.jp/blog_alter/2022/220/
ハチロク　水着Ver.,https://alter-web.jp/blog_alter/2020/179/
冬坂 五百里,https://alter-web.jp/blog_alter/2022/254/
ランサー／謎のアルターエゴ・Λ,https://alter-web.jp/blog_alter/2022/256/
ポーラ　水辺のハプニング？Ver.,https://alter-web.jp/blog_alter/2022/248/
愛宕＆高雄　レースクイーンVer.,https://alter-web.jp/blog_alter/2022/250/
愛宕　凄艶のマックススピードVer.,https://alter-web.jp/blog_alter/2022/250/
高雄　魅惑のフルドライブVer.,https://alter-web.jp/blog_alter/2022/250/
愛宕　真夏の行進曲Ver.,https://alter-web.jp/blog_alter/2022/255/
愛宕　真夏の行進曲Ver.,https://alter-web.jp/blog_alter/2019/138/
高雄　砂浜ラプソディVer.,https://alter-web.jp/blog_alter/2022/255/
高雄　砂浜ラプソディVer.,https://alter-web.jp/blog_alter/2019/151/
ボルチモア　エースの放課後Ver.,https://alter-web.jp/blog_alter/2022/251/
ライザ（ライザリン・シュタウト）,https://alter-web.jp/blog_alter/2022/249/
シュヴァルツ　昇進２Ver.,https://alter-web.jp/blog_alter/2022/242/
吾妻　語らいの春霞Ver.,https://alter-web.jp/blog_alter/2022/241/
吾妻　語らいの春霞 軽装Ver.,https://alter-web.jp/blog_alter/2022/241/
芹沢 あさひ　空と青とアイツVer.,https://alter-web.jp/blog_alter/2022/233/
ルプスレギナ・ベータ　so-bin Ver.,https://alter-web.jp/blog_alter/2022/234/
速水 奏　ミスティック・ドーンVer.,https://alter-web.jp/blog_alter/2022/246/
速水 奏　ミスティック・ドーンVer.,https://alter-web.jp/blog_alter/2019/146/
セントルイス,https://alter-web.jp/blog_alter/2022/243/
セントルイス,https://alter-web.jp/blog_alter/2020/173/
セントルイス　軽装Ver.,https://alter-web.jp/blog_alter/2022/243/
セントルイス　軽装Ver.,https://alter-web.jp/blog_alter/2020/173/
プリンツ・オイゲン,https://alter-web.jp/blog_alter/2022/245/
プリンツ・オイゲン,https://alter-web.jp/blog_alter/2020/165/
ムーンキャンサー／BB　南国小麦色Ver.,https://alter-web.jp/blog_alter/2022/231/
ムーンキャンサー／BB　小悪魔たまご肌Ver.,https://alter-web.jp/blog_alter/2022/231/
フランドール・スカーレット,https://alter-web.jp/blog_alter/2022/227/
フランドール・スカーレット,https://alter-web.jp/blog_alter/2021/198/
スカサハ　刺し穿つバニーVer.,https://alter-web.jp/blog_alter/2022/244/
スカサハ　刺し穿つバニーVer.,https://alter-web.jp/blog_alter/2019/145/
【EVA GLOBAL】アヤナミレイ（仮称）Millennials Illust Ver. フィギュア,https://alter-web.jp/blog_alter/2022/230/
ホノルル,https://alter-web.jp/blog_alter/2022/222/
ホノルル　軽装Ver.,https://alter-web.jp/blog_alter/2022/222/
宮本 フレデリカ　フレ・デ・ラ・モードVer.,https://alter-web.jp/blog_alter/2022/224/
加藤恵　Memorial Ver.,https://alter-web.jp/blog_alter/2022/223/
グラーフ・ツェッペリン　砂浜のウルズVer.,https://alter-web.jp/blog_alter/2021/215/
ボルチモア,https://alter-web.jp/blog_alter/2022/217/
ボルチモア　軽装Ver.,https://alter-web.jp/blog_alter/2022/217/
空の律者　キアナ,https://alter-web.jp/blog_alter/2020/178/
ユウキ,https://alter-web.jp/blog_alter/2020/177/
胡蝶 しのぶ,https://alter-web.jp/blog_alter/2021/208/
胡蝶 しのぶ,https://alter-web.jp/blog_alter/2020/181/
シノン,https://alter-web.jp/blog_alter/2018/130/
シノン,https://alter-web.jp/blog_alter/2018/96/
宮本 武蔵　私服Ver.,https://alter-web.jp/blog_alter/2020/176/
アスナ　GGO Ver.,https://alter-web.jp/blog_alter/2020/169/
セイバー／アルトリア・ペンドラゴン［オルタ］　ドレスVer.,https://alter-web.jp/blog_alter/2020/188/
春日野 穹　Ending Ver.,https://alter-web.jp/blog_alter/2021/207/
春日野 穹　Ending Ver.,https://alter-web.jp/blog_alter/2020/164/
籾岡 里紗,https://alter-web.jp/blog_alter/2020/170/
アルターエゴ／メルトリリス,https://alter-web.jp/blog_alter/2019/162/
桐須 真冬　競泳水着Ver.,https://alter-web.jp/blog_alter/2020/172/
モモ・ベリア・デビルーク　パジャマVer.,https://alter-web.jp/blog_alter/2020/166/
古手川 唯,https://alter-web.jp/blog_alter/2020/171/
ライダー／アルトリア・ペンドラゴン［オルタ］,https://alter-web.jp/blog_alter/2019/153/
アリス,https://alter-web.jp/blog_alter/2020/168/
島村 卯月　はじけて♪サマーVer.,https://alter-web.jp/blog_alter/2018/124/
島村 卯月　はじけて♪サマーVer.,https://alter-web.jp/blog_alter/2017/99/
志摩 リン with スクーター,https://alter-web.jp/blog_alter/2019/149/
鷹富士 茄子　強運の才女Ver.,https://alter-web.jp/blog_alter/2019/155/
高雄　砂浜ラプソディVer.,https://alter-web.jp/blog_alter/2022/255/
高雄　砂浜ラプソディVer.,https://alter-web.jp/blog_alter/2019/151/
五十鈴 れん,https://alter-web.jp/blog_alter/2020/182/
五十鈴 れん,https://alter-web.jp/blog_alter/2019/156/
マスターアルトリア,https://alter-web.jp/blog_alter/2019/145/
スカサハ　刺し穿つバニーVer.,https://alter-web.jp/blog_alter/2022/244/
スカサハ　刺し穿つバニーVer.,https://alter-web.jp/blog_alter/2019/145/
愛宕　真夏の行進曲Ver.,https://alter-web.jp/blog_alter/2022/255/
愛宕　真夏の行進曲Ver.,https://alter-web.jp/blog_alter/2019/138/
速水 奏　ミスティック・ドーンVer.,https://alter-web.jp/blog_alter/2022/246/
速水 奏　ミスティック・ドーンVer.,https://alter-web.jp/blog_alter/2019/146/
津島 善子,https://alter-web.jp/blog_alter/2019/144/
高坂 穂乃果　ホワイトデー編,https://alter-web.jp/blog_alter/2019/135/
テイルズ オブ ベルセリア　ベルベット・クラウ,https://alter-web.jp/blog_alter/2020/175/
テイルズ オブ ベルセリア　ベルベット・クラウ,https://alter-web.jp/blog_alter/2019/139/
塩見 周子　ブルー・ホライゾンVer.,https://alter-web.jp/blog_alter/2020/174/
塩見 周子　ブルー・ホライゾンVer.,https://alter-web.jp/blog_alter/2019/143/
佐々木 千枝　パーティータイム・ゴールドVer.,https://alter-web.jp/blog_alter/2019/142/
西連寺 春菜,https://alter-web.jp/blog_alter/2018/128/
時崎 狂三,https://alter-web.jp/blog_alter/2021/195/
時崎 狂三,https://alter-web.jp/blog_alter/2019/163/
時崎 狂三,https://alter-web.jp/blog_alter/2019/136/
ヴァンパイア,https://alter-web.jp/blog_alter/2019/161/
ヴァンパイア,https://alter-web.jp/blog_alter/2018/126/
園田 海未　ホワイトデー編,https://alter-web.jp/blog_alter/2018/132/
南 ことり　ホワイトデー編,https://alter-web.jp/blog_alter/2018/129/
二宮 飛鳥　《偶像》のフラグメントVer.,https://alter-web.jp/blog_alter/2019/160/
二宮 飛鳥　《偶像》のフラグメントVer.,https://alter-web.jp/blog_alter/2019/137/
アヴェンジャー／ジャンヌ・ダルク〔オルタ〕,https://alter-web.jp/blog_alter/2021/209/
アヴェンジャー／ジャンヌ・ダルク〔オルタ〕,https://alter-web.jp/blog_alter/2018/119/
時崎 狂三,https://alter-web.jp/blog_alter/2021/195/
時崎 狂三,https://alter-web.jp/blog_alter/2019/163/
時崎 狂三,https://alter-web.jp/blog_alter/2019/136/
ヴァンパイア,https://alter-web.jp/blog_alter/2019/161/
ヴァンパイア,https://alter-web.jp/blog_alter/2018/126/
園田 海未　ホワイトデー編,https://alter-web.jp/blog_alter/2018/132/
南 ことり　ホワイトデー編,https://alter-web.jp/blog_alter/2018/129/
二宮 飛鳥　《偶像》のフラグメントVer.,https://alter-web.jp/blog_alter/2019/160/
二宮 飛鳥　《偶像》のフラグメントVer.,https://alter-web.jp/blog_alter/2019/137/
アヴェンジャー／ジャンヌ・ダルク〔オルタ〕,https://alter-web.jp/blog_alter/2021/209/
アヴェンジャー／ジャンヌ・ダルク〔オルタ〕,https://alter-web.jp/blog_alter/2018/119/
赤城 みりあ　パーティータイム・ゴールドVer.,https://alter-web.jp/blog_alter/2018/131/
セイバー／アルトリア・ペンドラゴン［オルタ］　ドレスVer.,https://alter-web.jp/blog_alter/2020/188/
マシュ・キリエライト,https://alter-web.jp/blog_alter/2019/154/
マシュ・キリエライト,https://alter-web.jp/blog_alter/2018/118/
宮内 レミィ,https://alter-web.jp/blog_alter/2018/125/
国木田 花丸　制服Ver.,https://alter-web.jp/blog_alter/2019/152/
国木田 花丸　制服Ver.,https://alter-web.jp/blog_alter/2018/123/
セイバー　着物ドレスVer.,https://alter-web.jp/blog_alter/2018/113/
乙倉 悠貴　カム・ウィズミー！Ver.,https://alter-web.jp/blog_alter/2018/122/
テレサ・テスタロッサ　メイドVer.,https://alter-web.jp/blog_alter/2018/115/
テイルズ オブ ゼスティリア　エドナ,https://alter-web.jp/blog_alter/2018/109/
テイルズ オブ ゼスティリア　エドナ,https://alter-web.jp/blog_alter/2016/52/
ナーベラル・ガンマ　so-bin Ver.,https://alter-web.jp/blog_alter/2018/116/
黒咲 芽亜,https://alter-web.jp/blog_alter/2018/110/
アルル・ナジャ,https://alter-web.jp/blog_alter/2018/108/
結城 美柑　スク水Ver.,https://alter-web.jp/blog_alter/2018/110/
矢澤 にこ＆西木野 真姫　バレンタイン編,https://alter-web.jp/blog_alter/2018/103/
猫又お恋,https://alter-web.jp/blog_alter/2018/106/
足利 茶々丸,https://alter-web.jp/blog_alter/2018/107/
アスナ,https://alter-web.jp/blog_alter/2018/134/
アスナ,https://alter-web.jp/blog_alter/2018/101/
魔王ルシ子,https://alter-web.jp/blog_alter/2018/100/
シノン,https://alter-web.jp/blog_alter/2018/130/
シノン,https://alter-web.jp/blog_alter/2018/96/
松浦 果南　ウェットスーツVer.,https://alter-web.jp/blog_alter/2017/98/
金色の闇　ナースVer.,https://alter-web.jp/blog_alter/2018/127/
金色の闇　ナースVer.,https://alter-web.jp/blog_alter/2018/102/
島村 卯月　はじけて♪サマーVer.,https://alter-web.jp/blog_alter/2018/124/
島村 卯月　はじけて♪サマーVer.,https://alter-web.jp/blog_alter/2017/99/
グウェンドリン　レイヴスラシルVer.,https://alter-web.jp/blog_alter/2017/86/
雁淵 ひかり,https://alter-web.jp/blog_alter/2017/95/
プラフタ,https://alter-web.jp/blog_alter/2020/189/
プラフタ,https://alter-web.jp/blog_alter/2017/90/
スカサハ　部屋着モード,https://alter-web.jp/blog_alter/2017/88/
一ノ瀬 志希　パフュームトリッパーVer.,https://alter-web.jp/blog_alter/2018/117/
一ノ瀬 志希　パフュームトリッパーVer.,https://alter-web.jp/blog_alter/2017/94/
星空 凛　3月編,https://alter-web.jp/blog_alter/2018/112/
星空 凛　3月編,https://alter-web.jp/blog_alter/2017/78/
小泉 花陽　3月編,https://alter-web.jp/blog_alter/2018/112/
小泉 花陽　3月編,https://alter-web.jp/blog_alter/2017/78/
パープルハート,https://alter-web.jp/blog_alter/2020/192/
パープルハート,https://alter-web.jp/blog_alter/2016/58/
鷺沢 文香　ブライトメモリーズVer.,https://alter-web.jp/blog_alter/2017/87/
双葉 杏　なまけものフェアリーVer.,https://alter-web.jp/blog_alter/2017/89/
ララ・サタリン・デビルーク　メイドVer.,https://alter-web.jp/blog_alter/2017/71/
神崎 蘭子　薔薇の闇姫Ver.,https://alter-web.jp/blog_alter/2018/104/
神崎 蘭子　薔薇の闇姫Ver.,https://alter-web.jp/blog_alter/2017/73/
ライダー／アルトリア・ペンドラゴン［サンタオルタ］,https://alter-web.jp/blog_alter/2017/75/
輿水 幸子　自称・カンペキVer.,https://alter-web.jp/blog_alter/2017/74/
水戸 郁魅,https://alter-web.jp/blog_alter/2017/69/
絢瀬 絵里,https://alter-web.jp/blog_alter/2017/47/
ゲルトルート・バルクホルン　ジェットストライカーVer.,https://alter-web.jp/blog_alter/2016/59/
メンタルモデル・タカオ　オーバーニーVer.,https://alter-web.jp/blog_alter/2017/76/
高坂 穂乃果,https://alter-web.jp/blog_alter/2016/42/
アナスタシア　Memories Ver.,https://alter-web.jp/blog_alter/2016/66/
神崎 蘭子　Memories Ver.,https://alter-web.jp/blog_alter/2016/61/
新田 美波　Memories Ver.,https://alter-web.jp/blog_alter/2016/50/
弓弦葉,https://alter-web.jp/blog_alter/2017/72/
セイバー／アルトリア・ペンドラゴン［オルタ］　ドレスVer.,https://alter-web.jp/blog_alter/2020/188/
テイルズ オブ ゼスティリア　エドナ,https://alter-web.jp/blog_alter/2018/109/
テイルズ オブ ゼスティリア　エドナ,https://alter-web.jp/blog_alter/2016/52/
マスターアルトリア,https://alter-web.jp/blog_alter/2019/145/
黒咲 芽亜,https://alter-web.jp/blog_alter/2018/110/
古手川 唯,https://alter-web.jp/blog_alter/2020/171/
ブラックハート,https://alter-web.jp/blog_alter/2022/229/
ブラックハート,https://alter-web.jp/blog_alter/2020/192/
結城 美柑　スク水Ver.,https://alter-web.jp/blog_alter/2018/110/
パーシヴァル,https://alter-web.jp/blog_altair/2022/89/
アーチャー／ギルガメッシュ,https://alter-web.jp/blog_altair/2022/86/
冨岡 義勇,https://alter-web.jp/blog_altair/2022/88/
キリト,https://alter-web.jp/blog_altair/2022/84/
キリト,https://alter-web.jp/blog_altair/2021/79/
セイバー／ガウェイン,https://alter-web.jp/blog_altair/2020/77/
キャスター／マーリン,https://alter-web.jp/blog_altair/2020/78/
キャスター／マーリン,https://alter-web.jp/blog_altair/2019/70/
セイバー／アーサー・ペンドラゴン［プロトタイプ］,https://alter-web.jp/blog_altair/2018/67/
天ヶ瀬 冬馬,https://alter-web.jp/blog_altair/2019/69/
テイルズ オブ ヴェスペリア　ユーリ・ローウェル　心の中の聖騎士様Ver.＆ラピード,https://alter-web.jp/blog_altair/2019/74/
テイルズ オブ ヴェスペリア　ユーリ・ローウェル　心の中の聖騎士様Ver.＆ラピード,https://alter-web.jp/blog_altair/2018/65/
アヴェンジャー／巌窟王 エドモン・ダンテス,https://alter-web.jp/blog_altair/2019/72/
アヴェンジャー／巌窟王 エドモン・ダンテス,https://alter-web.jp/blog_altair/2018/61/
テイルズ オブ ベルセリア　アイゼン,https://alter-web.jp/blog_altair/2018/58/
ディーオ・エラクレア,https://alter-web.jp/blog_altair/2018/52/
テイルズ オブ ゼスティリア ザ クロス　スレイ,https://alter-web.jp/blog_altair/2018/56/
テイルズ オブ ゼスティリア ザ クロス　ミクリオ,https://alter-web.jp/blog_altair/2018/56/
葉月 渚,https://alter-web.jp/blog_altair/2018/55/
竜ヶ崎 怜,https://alter-web.jp/blog_altair/2018/55/
アーチャー,https://alter-web.jp/blog_altair/2017/53/
山崎 宗介,https://alter-web.jp/blog_altair/2017/51/
カミュ,https://alter-web.jp/blog_altair/2017/41/
朔間 零,https://alter-web.jp/blog_altair/2017/36/
美風 藍,https://alter-web.jp/blog_altair/2017/41/
七瀬 遙＆橘 真琴,https://alter-web.jp/blog_altair/2017/40/
七瀬 遙＆橘 真琴,https://alter-web.jp/blog_altair/2017/35/
黒崎 蘭丸,https://alter-web.jp/blog_altair/2017/39/
愛島 セシル,https://alter-web.jp/blog_altair/2017/49/
愛島 セシル,https://alter-web.jp/blog_altair/2017/34/
寿 嶺二,https://alter-web.jp/blog_altair/2017/39/
朔間 凛月,https://alter-web.jp/blog_altair/2016/26/
レオナルド・ウォッチ　Ending Ver.,https://alter-web.jp/blog_altair/2016/33/
アーチャー,https://alter-web.jp/blog_altair/2017/53/
近江 彼方　Special 7ver.,https://alter-web.jp/blog_alter/2022/240/
桜内 梨子　Special 7ver.,https://alter-web.jp/blog_alter/2017/93/
